{"Compressor": 11.596332550048828, "Chorus": 26.306108474731445, "HighpassFilter": 10.88448452949524, "LowpassFilter": 10.842329025268555, "Phaser": 32.20915150642395, "Reverb": 20.89405584335327}