{"compand": 73.14667677879333, "chorus": 130.82199668884277, "highpass": 38.13598704338074, "lowpass": 38.56640028953552, "phaser": 76.73137903213501, "reverb": 105.16839265823364}